{
  "before": {
    "x": 1352,
    "y": 912,
    "width": 64,
    "height": 64
  },
  "after": {
    "x": 1006.4000244140625,
    "y": 652.4000244140625,
    "width": 67.199951171875,
    "height": 67.20001220703125
  },
  "moved": 432,
  "chatOpenedByDrag": false
}